model,offset
amphoriskos,"[-0.2919921875, -0.49951171875, -0.2919921875]"
biplane,"[-0.32470703125, -0.49951171875, -0.1171875]"
head,"[-0.40625, -0.4990234375, -0.4130859375]"
romanoillamp,"[-0.25390625, -0.49951171875, -0.2236328125]"
longdress,"[-0.2138671875, -0.49267578125, -0.267578125]"
loot,"[-0.20166015625, -0.48583984375, -0.2861328125]"
soldier,"[-0.28515625, -0.47802734375, -0.2734375]"
the20smaria,"[-0.31591796875, -0.17138671875, -0.49951171875]"